bank,appId,review_id,username,user_image,likes,review_created_version,created_at,reply_content,replied_at,app_version,score,comments,keywords,lda_category,sentiment,insight
Abyssinia Bank,com.boa.boaMobileBanking,d80d7cd7-3d12-420e-b34e-31226970326e,Batu Yenatu,https://play-lh.googleusercontent.com/a/ACg8ocKlmpazYwBK4Ei0dwbtt1HwaruOsOLZM68et_jIuzlznP2otQ=mo,0,24.04.23,2024-05-23 22:03:00,,,24.04.23,5,Excellent,,,,
Abyssinia Bank,com.boa.boaMobileBanking,677af726-36b5-4a32-871c-d2baf1a8c303,Yonas Tadesse,https://play-lh.googleusercontent.com/a-/ALV-UjUZj4U7aXCUk_abK7WWhI8NzG7cfC7LdFicXDxi53KRJB4NhBg,0,24.04.23,2024-05-23 12:03:54,,,24.04.23,1,"Easily the worst electronic payment software beside abissynia Mobile banking application. it runs in the family, guysüòÅ",,,,
Abyssinia Bank,com.boa.boaMobileBanking,738b6d3a-2d7f-4a82-bfe2-dcf32591f944,NAHOM NIGUSSIE,https://play-lh.googleusercontent.com/a-/ALV-UjUpZu7wO5rtCPblZs4h2xzf6G7vVSfqUBEbdgWj1mPSFEXdvJg,1,,2024-05-21 18:38:28,,,,2,Slow and buggy crashed all the time need a lot of update,,,,
Abyssinia Bank,com.boa.boaMobileBanking,e20abe49-8fe7-42fe-af3a-91399875b21a,Abbatu Ermias,https://play-lh.googleusercontent.com/a/ACg8ocL04JUf8nYpJ_s9pOW5IFIy2eimHOCvjezBhSOJk67d4rjgaQ=mo,0,24.04.23,2024-05-21 05:06:05,,,24.04.23,5,Awe ·àÉ·à®·çç nawe,,,,
Abyssinia Bank,com.boa.boaMobileBanking,55c833c8-a942-47bb-aaaa-e022f39e28af,Habtsh Darge,https://play-lh.googleusercontent.com/a/ACg8ocJXfM7m1l1UODfWTfj2typb4n3HhR_hKfhOv61FmJa-9tMYAw=mo,0,,2024-05-20 08:07:49,,,,1,·â†·å£·àù ·âÄ·çã·çä ·ä†·çï ·äê·ãç ·ç¢ ·à∞·à≠·â∂ ·ä†·ã´·ãç·âÖ·àù ·ç¢ ·â†·å£·àù ·â•·ãô ·âΩ·åç·à≠ ·ä†·àà·â†·âµ ·ä®·ä†·â¢·à≤·äí·ã´ ·â£·äï·ä≠ ·ã®·àõ·ã≠·å†·â†·âÖ ·ä†·çï ·àà·àù·äï ·ã∞·àÖ·äì ·ã≤·â®·àé·äò·à≠ ·âÄ·å•·à´·âΩ·àÅ ·ä†·çï·àä·ä¨·àΩ·äë·äï ·ä†·â≥·à∞·à©·âµ·àù ?,,,,
Abyssinia Bank,com.boa.boaMobileBanking,d62d6d95-2900-4038-aa26-c9b42835c971,Usman,https://play-lh.googleusercontent.com/a/ACg8ocJtoebqZln9aOe7jMq6S8Ng_YHqH-t9Z__1NgZDxvIlR755hw=mo,0,,2024-05-19 16:27:13,,,,1,This application is very bad . Please modify this just like cbe birri app,,,,
Abyssinia Bank,com.boa.boaMobileBanking,20c4de51-f5cd-41f3-b21a-efdf8cb4463e,Eskender Million,https://play-lh.googleusercontent.com/a-/ALV-UjUvW8yHYIlLjJSRRMMbXk1hPFbmmgGXupikLNrelDYDa5YVqtTZ,2,24.04.23,2024-05-17 20:37:40,,,24.04.23,1,"It has a very complex, inconvenient to use, and at most heavy step, I don't understand why it is supposed to be like that. All in all, I couldn't use it for anything other than wasting time. As a banker, it's hard for me to think about what other customers are going through. I reilly disappointing.",,,,
Abyssinia Bank,com.boa.boaMobileBanking,f7b29ba8-e90e-4dd6-bf6e-f1480b119456,Leta Teshome,https://play-lh.googleusercontent.com/a-/ALV-UjUuAZ_4uI6uADtpcdpw20tQFVZUuta1J4glsasF1B5h4IGVQ58G,2,24.04.23,2024-05-17 00:40:28,,,24.04.23,1,"Never try Apollo. To be honest, this app will let you down. Picture yourself dining out and using this app to pay for your meal, only to discover that Apollo is unable to process your payment, leaving you feeling bewildered. I strongly recommend exploring other options and refraining from using Apollo, especially considering the app has been malfunctioning for over a week.",,,,
Abyssinia Bank,com.boa.boaMobileBanking,250c64b7-029e-44d7-a9b2-7ce655198af7,adonias addis,https://play-lh.googleusercontent.com/a-/ALV-UjW72Kxk2JehS6SR9xfj_Q_b3zXq5D7ZogFOHmBsOLEA85kW1pUWzg,0,24.04.23,2024-05-16 20:36:19,,,24.04.23,5,I like,,,,
Abyssinia Bank,com.boa.boaMobileBanking,a3826cda-d42f-4d43-826c-6a5a36d4b6a5,Elias Sabu,https://play-lh.googleusercontent.com/a-/ALV-UjVJ7nIkHuWZNej7Q8FSUk40btdAEfHu7jV9oh6wtkE9SLaR2qs,0,,2024-05-16 16:57:08,,,,1,·â•·ãµ·à≠ ·ä®·àò·àà·àµ·äï ·â°·àÉ·àã ·ãµ·åã·àö ·ä†·ã≠·à∞·å•·àù ·ä®·âª·àã·âΩ·àÅ ·ä†·àµ·â∞·ä´·ä≠·àâ,,,,
Abyssinia Bank,com.boa.boaMobileBanking,fc32f69e-fc81-4697-a29e-5d45c57fe945,Lama Yig,https://play-lh.googleusercontent.com/a/ACg8ocI1PHIbkxDTu2uZmTG071KxrhBvXlw_algkZVfS-MGt3hJiFg=mo,0,23.08.03,2024-05-16 07:32:51,,,23.08.03,1,This not more intractive and fast,,,,
Abyssinia Bank,com.boa.boaMobileBanking,8ecd7bf6-d5f9-4e46-b923-5121180bc676,dagim zewdu,https://play-lh.googleusercontent.com/a/ACg8ocJjSQIrdwF6C0TfBWS_EPReaoCpKSOGypQo1pkpzwuj7Yl4Pw=mo,1,24.04.23,2024-05-16 04:45:52,,,24.04.23,1,Disappointing experience Recently the app is not working. I couldn't manage my urgent payments. I can't access the mony I have. It's such a shame for the vendor of the app.,,,,
Abyssinia Bank,com.boa.boaMobileBanking,3443a48a-a53e-4e93-be4e-5638a1f03b11,Minilik Afework,https://play-lh.googleusercontent.com/a-/ALV-UjUq4kYTrZNf14_TIL1dWBjFyejCjTCfeQxz8Nw5XojriB7wyy5B,10,24.04.23,2024-05-15 17:55:37,,,24.04.23,1,"Frustrating experience. Crashes frequently, ask to enable internet connection despite having a good internet speed, unresponsive most of the times takes too long to process every action. You simply can't rely on it.",,,,
Abyssinia Bank,com.boa.boaMobileBanking,c74a39f4-5e45-4d00-a324-d7a0a96c5a1b,Leta Tadese,https://play-lh.googleusercontent.com/a/ACg8ocJhw5c9h6OYPIa4o43Hsb2kqk5w_qfblsJRVp6UfdH3q_uX9w=mo,0,,2024-05-15 17:35:45,,,,5,Apollo is best üëå,,,,
Abyssinia Bank,com.boa.boaMobileBanking,23eae992-e286-4cd3-8bc8-73f5580d6ad0,Desalegn Sisay,https://play-lh.googleusercontent.com/a-/ALV-UjXu9sewbefbktv1QnxjrknYS0CuGPu_mnu-wIaixPZFmhqej_k,1,24.04.23,2024-05-15 16:25:53,,,24.04.23,1,Not worked its not good,,,,
Abyssinia Bank,com.boa.boaMobileBanking,a04ce52d-2eea-46af-95c1-80a5868fec4a,Hassen Seleman kindye,https://play-lh.googleusercontent.com/a-/ALV-UjWUJvPDPtGs8NHeZw45yyeRUOJ6AfBZ3-SYkhTTEGUGHYK4-Cq_,0,,2024-05-15 13:47:49,,,,5,Very good app,,,,
Abyssinia Bank,com.boa.boaMobileBanking,2f792ee1-4070-4aaf-8c8a-ec4b5d87e8ef,Dargie Syoum,https://play-lh.googleusercontent.com/a-/ALV-UjXftty-DN-lT_0QU7JTsDajx1mtFvG9gNXimYGJUxhvfVpLO14K,2,24.04.23,2024-05-15 13:18:12,,,24.04.23,1,"Totally not good at all. This app doesn't represent Abysinia's bank reputation and customer service. It's too slow, frustrating compared to CBE mobile banking apps. Need more more improvement. Size of the app should be compressed too in more than half. ~~~20 mb",,,,
Abyssinia Bank,com.boa.boaMobileBanking,1a501c27-19a2-4857-98cb-c0e42e8e068a,tinbite solomon,https://play-lh.googleusercontent.com/a/ACg8ocKn32230dBQOS9dbqCRYufBRUSIapg9ujhE2rXkZ_6UlN5FYQ=mo,2,24.04.23,2024-05-15 07:42:40,,,24.04.23,2,"I downloaded the app to test it, and i like the interface and all, but i couldn't pass the otp stage, i entered the otp sent to my sms, but when i verified, it says entered otp is wrong. Please fix that.",,,,
Abyssinia Bank,com.boa.boaMobileBanking,6775944a-1cd2-401c-b602-fcf071f7d480,Atinkut Worku,https://play-lh.googleusercontent.com/a/ACg8ocIVFUZekPxer8UiTGajsNB4wI2Bgy3mvnWZPqB2xGPvbWS-IA=mo,1,,2024-05-15 01:11:05,,,,4,Good,,,,
Abyssinia Bank,com.boa.boaMobileBanking,a809e404-f7e9-4d96-978b-40cb5e881765,Tsegab Karta,https://play-lh.googleusercontent.com/a/ACg8ocLD55dnecQMUjRQId3iBAKRGaGrciI1hZC21wuwJIjvN_601Q=mo,1,24.04.23,2024-05-15 00:59:43,,,24.04.23,1,"It already been one month since this trush application starts crushing and stop working properly, what's wrong with them.",,,,
Abyssinia Bank,com.boa.boaMobileBanking,8a282ede-a025-46a1-a35b-87f77d3a5901,Firo Abdii,https://play-lh.googleusercontent.com/a-/ALV-UjUBuODC-WVBIFkI3oEQODeZh5gy9TCj6X8J-GykzeDbjAh6ULg,0,24.03.04,2024-05-14 18:16:25,,,24.03.04,5,Thank you,,,,
Abyssinia Bank,com.boa.boaMobileBanking,cab4d0bc-92af-49b3-81d2-bebbb901c005,habtom lamesginew,https://play-lh.googleusercontent.com/a-/ALV-UjUD6wQFmjgaMzSwtnVFcziAuesrGgjsViZHHRw4GAcnl0J4mNXb,1,24.04.23,2024-05-14 00:05:58,,,24.04.23,4,·å•·à© ·äê·ãâ,,,,
Abyssinia Bank,com.boa.boaMobileBanking,8c53cb17-ba9a-4604-9d46-19993664a5d3,esmiiz 12,https://play-lh.googleusercontent.com/a/ACg8ocLWz5a-vWYknFa8S9Qts6DgLKsxW2g5XSRKFMtVbTFYpJ9k=mo,0,,2024-05-12 13:30:35,,,,1,So slow app I don't recommend nobody to use its take too much fee,,,,
Abyssinia Bank,com.boa.boaMobileBanking,771ccc21-09d5-4f75-8624-7fab9f7c6aba,Zemete,https://play-lh.googleusercontent.com/a-/ALV-UjVxLfEwKWwWACv7ugNDhJBaXhDhjlwIlzVNUbttM6Ux_BpDKy4N,5,24.04.23,2024-05-12 13:11:23,,,24.04.23,1,The worst banking app i have ever experienced. Too much advertising for a rubbish app. it doesn't work on weekends most of the time. Call center doesn't work. Useless as its Abyssinia bank,,,,
Abyssinia Bank,com.boa.boaMobileBanking,ce832e2f-e4ba-49b3-988f-11d39ada8080,Digafe Alemu,https://play-lh.googleusercontent.com/a-/ALV-UjVk1Gvb-ImZSFq2VfPq3xl1xwvfhLejk2v0nG-6bHXqhgocxVMZ,1,24.03.04,2024-05-11 20:02:02,,,24.03.04,4,Good to use.,,,,
Abyssinia Bank,com.boa.boaMobileBanking,39893b39-7e20-4116-a1c8-a28985be8ea6,Henok Asrat,https://play-lh.googleusercontent.com/a/ACg8ocKsRyUKSt-3yA6Uycv7MyJwoXXY4NULs1-VAeJ0TVyeid9UaA=mo,0,,2024-05-10 18:56:42,,,,4,Good,,,,
Abyssinia Bank,com.boa.boaMobileBanking,121503a1-8356-4e15-86cf-7d6877507b46,eyob berza,https://play-lh.googleusercontent.com/a-/ALV-UjXuwpx-rHHveKjA2ZpAO8YG20S9dFDfPMXFaOvQOTwfP9w38X33,0,24.04.23,2024-05-09 17:15:22,,,24.04.23,2,The worst app,,,,
Abyssinia Bank,com.boa.boaMobileBanking,54117634-2cbb-45b2-a017-b6dac4d6147c,Solomon Alie,https://play-lh.googleusercontent.com/a/ACg8ocIdxEggnrdo0H37uh1V7viPbgUWbU-bh-yAIgY16Wzmk6MWTA=mo,0,,2024-05-09 09:42:00,,,,5,Good,,,,
Abyssinia Bank,com.boa.boaMobileBanking,37729110-67fc-4098-84cd-7c98de7010b8,Samuel Desalegn,https://play-lh.googleusercontent.com/a/ACg8ocIAvaCgobIEBdQBWFi8WkN4oXQFZFg_QE4XWwkMfDRcCgk-yQ=mo,0,,2024-05-08 14:15:49,,,,4,Very good app,,,,
Abyssinia Bank,com.boa.boaMobileBanking,362361bd-829e-4941-997d-3a263fcd204e,AT11,https://play-lh.googleusercontent.com/a/ACg8ocI0I1ppr4_rvIXA2zMxG6vnC3Nja0QDqiIvjNVu_k2IpZo8PQ=mo,2,24.04.23,2024-05-07 19:19:04,,,24.04.23,1,It does not work,,,,
Abyssinia Bank,com.boa.boaMobileBanking,1820af40-c9d1-4086-8c88-30f94bcc7be8,lumionTech TedyB,https://play-lh.googleusercontent.com/a-/ALV-UjWBv1S1qj9ShC7gussRURdDj2JqkCcOvGmvdOXd4_macLW62Poa,0,,2024-05-07 14:34:43,,,,5,ü§ù,,,,
Abyssinia Bank,com.boa.boaMobileBanking,ee3e581c-468b-43ef-8880-13ff94ff4b9b,Kadiir Alamuu,https://play-lh.googleusercontent.com/a-/ALV-UjVUlJ2NY7Wvo0V1UqcOA8meDhw2dAETQzSe04WYm6WXl6is1v8,3,,2024-05-06 00:53:18,,,,5,Best app,,,,
Abyssinia Bank,com.boa.boaMobileBanking,c67e9375-39cb-4031-8baa-f31b9e704f2d,Abel Ayalew,https://play-lh.googleusercontent.com/a-/ALV-UjXARGuTS2c6cWYKAbPfBe5tmWNkuzwfe1gHM74LTPTOAKLv56Q,1,24.04.23,2024-05-05 19:34:59,,,24.04.23,5,·àù·à≠·å• ·ä†·çï ·äê·ãç ·àû·ä≠·à©·âµ ·ä•·äì ·å•·âÖ·àô·äï ·â≥·ã´·àã·âπ,,,,
Abyssinia Bank,com.boa.boaMobileBanking,829a6024-8c66-4671-a3e4-e576196665f0,Dr Yared Denekew,https://play-lh.googleusercontent.com/a-/ALV-UjUDAH1hXrj4oMs6muNlugIT0V0EggDZxc2FNwHIPDNlWmutHNYs,0,24.04.23,2024-05-05 14:23:59,,,24.04.23,5,Excellent,,,,
Abyssinia Bank,com.boa.boaMobileBanking,fbfa84af-6f42-479e-8537-fc0be5b96692,Bereket Tena,https://play-lh.googleusercontent.com/a-/ALV-UjWbzD5wtTiMRz9jFNbKoqIMgu3XPE7Zwowe4b7R15yxdMirdzpl,5,24.04.23,2024-05-04 17:30:30,,,24.04.23,4,Excellent app! And Easiest to use.,,,,
Abyssinia Bank,com.boa.boaMobileBanking,747a3a54-a35a-49c6-a336-3015603ceae7,Tigist,https://play-lh.googleusercontent.com/a/ACg8ocItq3fyQPq7h3Ub8BC-UBB339zd_c2KHfGv0HEGUr-OT8MA4A=mo,0,24.04.23,2024-05-02 20:53:49,,,24.04.23,5,Nice app,,,,
Abyssinia Bank,com.boa.boaMobileBanking,9f73b8e4-db1b-4ccb-9648-fc28edda4314,Abdilrazak Edires,https://play-lh.googleusercontent.com/a/ACg8ocItmQ0IyyU85tPbKGjgvCXeF6U_Bs8UD2w3CfIxeGc4-aMjBQ=mo,0,24.04.23,2024-05-02 18:58:27,,,24.04.23,2,Best apq,,,,
Abyssinia Bank,com.boa.boaMobileBanking,a7dd485c-3b5d-402a-aea5-431452d49d82,Matthias Tamrat,https://play-lh.googleusercontent.com/a-/ALV-UjVYzNTz8qKOAD5Mzh27FQlCrAqsgfyTUC0JY4p-PTuz11uUoC7p,1,24.04.23,2024-05-02 17:39:03,,,24.04.23,1,"Another useless app from boa, this app also crashed repeatedly.",,,,
Abyssinia Bank,com.boa.boaMobileBanking,da76cec9-4f56-4828-b004-05404b128373,Wendesen,https://play-lh.googleusercontent.com/a-/ALV-UjVzeZVPbZApgaFKO4QmuYXFYBPPn244RBEUzsTsJM9d_kntLIAl,0,,2024-05-02 07:26:08,,,,1,Useless app. It deserves 0,,,,
Abyssinia Bank,com.boa.boaMobileBanking,8140a590-68f4-46a5-9e03-8860ab8697df,Tariku Furgassa,https://play-lh.googleusercontent.com/a/ACg8ocLGE8YcdrmbXnZZe8PmEk5ON6DLfsCvGBLEWINzalU4Jcj5r3Y=mo,1,,2024-05-01 22:39:02,,,,1,Not downloaded. After started download and 31% completed. Stop download and send error message for many times.,,,,
Abyssinia Bank,com.boa.boaMobileBanking,2e54c62d-0ff6-4f99-89a4-f632a554d59f,Endaweke tade,https://play-lh.googleusercontent.com/a/ACg8ocI1ge0fi2_O3YOxxW_BpiLuxHu-_h_ktJKw34n9ZXQeSQeD1g=mo,0,,2024-05-01 19:51:10,,,,4,Iiyu,,,,
Abyssinia Bank,com.boa.boaMobileBanking,ee875aca-a233-43de-97e7-fa93fd25789d,Munir aman Abdii,https://play-lh.googleusercontent.com/a/ACg8ocKPto2-DGfl_McVacqSwrWr0nl4Dq7O1YsDz-cg2zH0SR0xVQ=mo,0,,2024-04-30 20:38:22,,,,1,Hatuu dha Apollo,,,,
Abyssinia Bank,com.boa.boaMobileBanking,022dc3fd-516c-4169-8c83-bce1d00d1b5d,Yohannes Tadese,https://play-lh.googleusercontent.com/a/ACg8ocI0TwGzZr_LbxliGDcRWz6JKNcqpmYyHpf6eTqBALFMu6JdIpI=mo,1,24.04.23,2024-04-30 09:12:24,,,24.04.23,1,The Worst app i ever downloaded.,,,,
Abyssinia Bank,com.boa.boaMobileBanking,2eb1aa70-7817-4a44-9963-f16f67836176,Abel Seyfu,https://play-lh.googleusercontent.com/a-/ALV-UjX5nL9IruQKuGcroZDISQl8AkHYQxFogEU9XE14rNd8blCb3IMs,1,,2024-04-29 14:30:43,,,,5,This app is very nice. keep it up üí™,,,,
Abyssinia Bank,com.boa.boaMobileBanking,1027ac5c-7027-452a-abe9-9d4f89b3a4ff,Abinet Degife,https://play-lh.googleusercontent.com/a/ACg8ocJ5muixsNzHMNkzP11DKLJ-5r0PZxmgvfhwOLJs-9tMRtwbhg=mo,1,24.03.04,2024-04-29 09:02:03,,,24.03.04,5,Nice app for Ethiopian,,,,
Abyssinia Bank,com.boa.boaMobileBanking,5817d4d1-1a0c-46df-baf8-871cc40e41d2,Firaol Boru,https://play-lh.googleusercontent.com/a-/ALV-UjX_5Ze6VneAN2l1fUwqp-VQ3f8v4wTN-601bjYw0pLxnFXmtKDF,0,24.03.04,2024-04-28 23:04:45,,,24.03.04,2,Good,,,,
Abyssinia Bank,com.boa.boaMobileBanking,ef69ee89-3745-4a9e-82b7-b47a0980e9e9,teshe bekele,https://play-lh.googleusercontent.com/a-/ALV-UjXtT6MrPNKC0n8oCXEWwkjuJuygmXYJ0XjWZTaDPyHagkns6-o,1,24.02.14,2024-04-28 22:23:15,,,24.02.14,4,Not fast but good up and big secure system,,,,
Abyssinia Bank,com.boa.boaMobileBanking,d02eb18e-f187-49e8-85e4-b909917191f5,Abel Tadele,https://play-lh.googleusercontent.com/a/ACg8ocLmkhTwNxw9TGuC17s3Q6oyg9m1J19anRwPlr_7twSm3uby5g=mo,1,24.04.23,2024-04-28 20:52:47,,,24.04.23,1,"For give me, this app does not work perfectly",,,,
Abyssinia Bank,com.boa.boaMobileBanking,b10df188-8503-4627-bd49-19effcf6d289,Tewodros Wolde,https://play-lh.googleusercontent.com/a-/ALV-UjVG3Gq4mosSJ0vKeNTwV0v0OKioMkRrI63oHSLqg7e87iVGH2k,2,24.03.04,2024-04-28 20:48:24,,,24.03.04,5,its good app,,,,
Abyssinia Bank,com.boa.boaMobileBanking,2cca5354-a418-4f33-8775-5e3297c7ee19,suleman talegegn,https://play-lh.googleusercontent.com/a-/ALV-UjUiDXCMy_70JoLJEVjTyyUlxAnjGg-aASQGhKttxdTVIIMm2O6W,1,24.03.04,2024-04-28 20:39:57,,,24.03.04,5,Ok,,,,
Abyssinia Bank,com.boa.boaMobileBanking,3f788aa6-a2fe-41c0-a9fc-ef60c341556f,Fasika Mekbib (X21E),https://play-lh.googleusercontent.com/a-/ALV-UjUTaEcnMEy1Wa2mlnIxlRKo7138Dt_cCs8v4iMBTs_jhFq5qBGM,2,24.04.23,2024-04-28 20:04:58,,,24.04.23,1,"This Platform is need Re Development üòî even I try to type my OTP but Its not working for me, It's Very Bad Application for Payment system",,,,
Abyssinia Bank,com.boa.boaMobileBanking,bcba2128-069d-4cbd-ae39-28d6b54382da,Tarekegn Tare,https://play-lh.googleusercontent.com/a/ACg8ocLBAHrg1oD9nLA2jUncWEKRlz8RDEuwmBs9o9-3wwDFF55ySA=mo,1,24.03.04,2024-04-28 16:58:17,,,24.03.04,2,Our system is not work,,,,
Abyssinia Bank,com.boa.boaMobileBanking,c39ef87d-e442-4f7f-a960-9f9abc072611,Abirham Agent,https://play-lh.googleusercontent.com/a/ACg8ocLlMNlTAIq0aSWsktR35BRsghd_G_X5lNIH3RSbuKVXbmgj5w=mo,1,24.03.04,2024-04-28 13:37:25,,,24.03.04,5,best,,,,
Abyssinia Bank,com.boa.boaMobileBanking,a8ee8ee6-d73f-4144-ad45-fb25582a8b25,AB Entertainment,https://play-lh.googleusercontent.com/a-/ALV-UjUhWHt4-ygZU13tU6Xll2vYtqCSlfLO4k84dZQm0y3jp9XjnYw3,17,24.04.23,2024-04-28 13:02:24,,,24.04.23,1,More failure after update. have multiple connection problem issues. To make one request i'm try more then 4 or 5 times pre every process. Works not more than 8 hour in a day 24 hour.,,,,
Abyssinia Bank,com.boa.boaMobileBanking,b682e2db-a533-40e2-8a2a-951c1e7cb84d,Emgu2 Cha1,https://play-lh.googleusercontent.com/a-/ALV-UjWYs1VBd0aci6d-4Fug4aP8QwEzLxkn3vxxSvmdv9xkpE4ikgCh,1,,2024-04-28 12:36:25,,,,5,Nice app,,,,
Abyssinia Bank,com.boa.boaMobileBanking,6e540a39-b5f3-44a6-856a-e4f8f0f226af,Abey Mulatu,https://play-lh.googleusercontent.com/a/ACg8ocJw9pFoaXrw9Bp1AFW0IVAluJ7I_JrQHpqLxmDbtuBfUKk-mA=mo,1,24.03.04,2024-04-28 07:09:27,,,24.03.04,1,It is not good slow app,,,,
Abyssinia Bank,com.boa.boaMobileBanking,be0151f5-b66b-4700-bcd8-d659fd821c44,Samuel Ayana,https://play-lh.googleusercontent.com/a-/ALV-UjXRHxKdBx7Zr3pnnCWioLkATn9gUv7jOYxVsq2TEVhVE_X-4Bs,1,24.03.04,2024-04-27 23:30:46,,,24.03.04,5,Good,,,,
Abyssinia Bank,com.boa.boaMobileBanking,6a5b273b-d9d2-47f4-b992-df36fec86cbb,Hawi Adicho,https://play-lh.googleusercontent.com/a-/ALV-UjWYFGM6USy7ao2J65ZXYfqErbqeEHvEQDiGT4KxnoAUmTVu2Sw,2,23.12.09,2024-04-27 20:50:35,,,23.12.09,2,"Nn ,n An, NNE.",,,,
Abyssinia Bank,com.boa.boaMobileBanking,fe39ceca-ea96-473c-bfea-1a3c896dff36,Luh Kel,https://play-lh.googleusercontent.com/a/ACg8ocKhSpDSlpqlOQkmLk4kQl1QifVKpC7KJSxlmPnSc0zzlc3BCQ=mo,0,,2024-04-27 19:57:21,,,,1,I't is not working lol,,,,
Abyssinia Bank,com.boa.boaMobileBanking,318513af-9b29-43c1-990d-fc4a678802f3,Phoenix Virgo,https://play-lh.googleusercontent.com/a-/ALV-UjVSEjYhwqiaEC94qmiLUYwiiqDGk8svzRPXNYkyMx4DKsUcaZCw,2,24.03.04,2024-04-27 19:33:54,,,24.03.04,2,It is not fast when sending mony,,,,
Abyssinia Bank,com.boa.boaMobileBanking,97088da4-b2b2-41d5-aed3-d5779224dd2c,Gadisa Worku,https://play-lh.googleusercontent.com/a-/ALV-UjWIey4nHw9IVIT6L-cUTO_qnba38Tfjisej-x1idbReVMoHdT_k,3,,2024-04-27 18:52:17,,,,5,wow best,,,,
Abyssinia Bank,com.boa.boaMobileBanking,acc4256d-ac62-4abd-908e-ebea3ace060a,Temesgen Yekoye,https://play-lh.googleusercontent.com/a/ACg8ocIHTRxO-r5s4bbZtNzX73tKzRdEYo7PZVQx9Px_FN54E66n2w=mo,1,24.04.23,2024-04-27 14:01:45,,,24.04.23,1,Nice,,,,
Abyssinia Bank,com.boa.boaMobileBanking,45a55117-6322-4d59-b931-415173ccd8c1,Ahadu tech,https://play-lh.googleusercontent.com/a-/ALV-UjWOhd6tDkB5D0Ws9KjbNiDZMM0fSVJ0ykgIWeFwpaPTgsqmNCU,4,24.03.04,2024-04-27 13:02:45,,,24.03.04,2,It doesn't look like banking app it's unresponsive worest banking app in the world,,,,
Abyssinia Bank,com.boa.boaMobileBanking,182ff188-5ec0-4a02-9423-752573aa862e,Liul Bekalu,https://play-lh.googleusercontent.com/a/ACg8ocKFERErAp4bECuMfUtzfj5F5vHikfcRX5LiPVmfERUqh6rwTg=mo,1,24.04.23,2024-04-27 12:20:02,,,24.04.23,2,Hard to access pls modify it,,,,
Abyssinia Bank,com.boa.boaMobileBanking,4295a88b-b1fb-4a30-b1c8-e4b4c505c9ea,Betsegaw Daniel,https://play-lh.googleusercontent.com/a-/ALV-UjUfc4Ry5-2vIu7OsO3ZIHpLF7hyido-Kct_DFHO5yBp1AyCNFE,0,24.03.04,2024-04-27 10:47:47,,,24.03.04,1,·ã®·â∞·àò·â≥ app new,,,,
Abyssinia Bank,com.boa.boaMobileBanking,90078873-2750-4192-8314-7b85a6873595,Israel Adane,https://play-lh.googleusercontent.com/a/ACg8ocJwUHq0xROIYP4NYpwuFbW9zbZAGHwZCicA7MbIBi8NAzeQ8A=mo,1,24.02.14,2024-04-27 03:48:55,,,24.02.14,5,üëç,,,,
Abyssinia Bank,com.boa.boaMobileBanking,cf9093f2-8cde-4168-89ea-bc2a2c147a8b,Aschalew Zawde,https://play-lh.googleusercontent.com/a/ACg8ocLWW27nJNGmrcFjl0AHfkLr3facO7Cn7wd1XDXpbbGpBjg50Q=mo,1,24.03.04,2024-04-26 23:16:51,,,24.03.04,5,Wowwwwww,,,,
Abyssinia Bank,com.boa.boaMobileBanking,e31e274a-a56f-4b24-95c5-796c1f6cf19f,Umear ‚ÄúShushu‚Äù Sisay,https://play-lh.googleusercontent.com/a/ACg8ocKFQem7B1KBqm3r3Xn3by3U5JX6_te-QruIz5XVbi4Eu6zXXg=mo,4,24.03.04,2024-04-26 22:58:18,,,24.03.04,5,Very good application and easy too use,,,,
Abyssinia Bank,com.boa.boaMobileBanking,22e7481e-cfcc-443f-9e39-cc58ce1e955d,munzer ahmed,https://play-lh.googleusercontent.com/a-/ALV-UjV5WhJgILIhlRiCdcanR0RsVkE17rExf2Fq2h4mwynQfvl3Hsep,1,24.04.23,2024-04-26 22:40:53,,,24.04.23,1,This application says system error most of the time.,,,,
Abyssinia Bank,com.boa.boaMobileBanking,6591206a-6634-4912-ab3c-c52bd283b49d,Aman Awol,https://play-lh.googleusercontent.com/a/ACg8ocIymKv9CjnHaeuRkWhZSfDdsX-uHyd2dM1xbuIJTujn1klEag=mo,1,24.04.23,2024-04-26 21:51:55,,,24.04.23,1,"What a useless app, didn't expect this kind of app from BOA",,,,
Abyssinia Bank,com.boa.boaMobileBanking,5dd2743e-a3e7-4972-b52d-c556bccc1a02,Bitew Banteyirga,https://play-lh.googleusercontent.com/a-/ALV-UjVedx0eOrDL0EwuYMgaKj0VcfGoYlKuJ7WqBjINERQTTTubeFKY,1,24.03.04,2024-04-26 18:59:52,,,24.03.04,5,Fantastic app in history Ethiopia,,,,
Abyssinia Bank,com.boa.boaMobileBanking,b90ea441-ca3d-4150-b2d0-50841186b274,Alemigizaw Esayas,https://play-lh.googleusercontent.com/a-/ALV-UjXrpxg1LC6O5EeQEeepxY1ixrbGDkDD-H8E4T8pLA6BhjdvMipt,28,24.03.04,2024-04-26 16:11:23,,,24.03.04,5,What an app what a service it is user friendly and so easy,,,,
Abyssinia Bank,com.boa.boaMobileBanking,af0d43ef-f4a5-4f20-8506-d7506e7be31f,anteneh admasu,https://play-lh.googleusercontent.com/a-/ALV-UjVeMNYjjLoeXbAzF6sTh2q9WXdMQE2_QKWzrgSLcWO3ZipADBU,2,24.04.23,2024-04-26 15:53:36,,,24.04.23,1,The new update üòî It's crash every time I open (samsung A series),,,,
Abyssinia Bank,com.boa.boaMobileBanking,8894f912-aa77-4ab9-bcc8-686aaecbb44c,Dumesa Tefera,https://play-lh.googleusercontent.com/a/ACg8ocLOOjh9sTHiaZWKxPruFhVr9Rya9WIGQvtzNm5zU4nh0XgOIg=mo,34,24.03.04,2024-04-26 15:35:08,,,24.03.04,5,To difficult to use it have too long step and not easy.,,,,
Abyssinia Bank,com.boa.boaMobileBanking,51965878-caac-473c-bc85-7c760b058f59,Explore Ethiopia,https://play-lh.googleusercontent.com/a-/ALV-UjXO_6X7Q-QKE_eSANdAsW-2RxpzxQZMDR_v8Px_uuRNbA3MQycvfA,65,24.03.04,2024-04-26 14:28:08,,,24.03.04,1,"I have never seen an app like these. It is slow and doesn't respond quickly.It always says "" see device connectivity "" "" which is annoying.If there is a rating called 0 then I will give it 0. Please learn from other competitive apps like telebirr that is fast and easy to use.",,,,
Abyssinia Bank,com.boa.boaMobileBanking,7c6b6447-e777-49e5-976f-bbd2e634290d,Henok Wondwossen,https://play-lh.googleusercontent.com/a-/ALV-UjUZNoiJqinp1YfnBTQb8-HaCLVthUdST3eAf0vu8koQOYJpF_fX,3,24.04.23,2024-04-26 12:39:53,,,24.04.23,2,Best service and ideas but poor application...develop a better app,,,,
Abyssinia Bank,com.boa.boaMobileBanking,b126c536-fb04-4478-afce-468611a0f0b2,Henok Henokab,https://play-lh.googleusercontent.com/a/ACg8ocJI3aci8svF_KF6ZXG3eKAJ-6-cK0zk5eUbw-NVyrnXRQTgZQ=mo,0,24.03.04,2024-04-26 04:04:09,,,24.03.04,5,Nice,,,,
Abyssinia Bank,com.boa.boaMobileBanking,abfd70cd-28fc-4ad9-9851-b3a33fdacf9d,Ermias Tesfaye,https://play-lh.googleusercontent.com/a-/ALV-UjUBHl_93lSIqOOkqxMHlMBFWb6mdx0ZRYWKGICAkDgls0CMyo1q,0,,2024-04-25 20:51:18,,,,1,Useless apps,,,,
Abyssinia Bank,com.boa.boaMobileBanking,ebd421d3-1857-46a0-9a0c-7bf25a64a70e,Nasradin Ahmed,https://play-lh.googleusercontent.com/a-/ALV-UjV3-amGqbfF7DrfDRGHLDNPKA3TXljbyTIr98Wz6eBUBvoox-lU,16,24.04.23,2024-04-25 17:54:38,,,24.04.23,1,Frequently crash. You can't even log in. It says device connection problem with even strong Internet connection.,,,,
Abyssinia Bank,com.boa.boaMobileBanking,64a2c9de-f4c4-4260-a4b4-f1000130b3c9,Addis Kassahun,https://play-lh.googleusercontent.com/a-/ALV-UjV07_QyzttSI4bewFdQctWFnHi9c-uq94iyPLaf7-FXKGzdwPE,1,24.03.04,2024-04-25 08:10:24,,,24.03.04,5,its to be called wonderful,,,,
Abyssinia Bank,com.boa.boaMobileBanking,7b1ddf26-0977-4ada-b402-737365e659b1,Fast Fast,https://play-lh.googleusercontent.com/a-/ALV-UjUBOoCpqe6ekKMbX_FUAO8PuxInBmhjGUQat9DomMbk5A7aPoA,2,24.03.04,2024-04-25 00:30:18,,,24.03.04,3,Wonderful app,,,,
Abyssinia Bank,com.boa.boaMobileBanking,48eae21a-d134-4cd1-8324-8bf1ede672ba,Abduraman Munir,https://play-lh.googleusercontent.com/a/ACg8ocLmXABleZ7KQnkigWdwCeXd2aaZsX84JgmjQIVPUArPbmOzeQ=mo,1,24.03.04,2024-04-24 23:01:41,,,24.03.04,4,Great app I love it,,,,
Abyssinia Bank,com.boa.boaMobileBanking,dadac710-982a-4fd6-9208-10c073da0477,Kiyar Husen,https://play-lh.googleusercontent.com/a/ACg8ocJfVH0b0DDal7BU-jL3RGqYfIu5oIYIdT54l8WFWJX3FQdC3g=mo,0,24.03.04,2024-04-24 22:04:54,,,24.03.04,1,·àò·åÄ·àò·à™·ã´ ·ã∞·àÖ·äì ·äê·â†·à® ·ä†·àÅ·äï ·åç·äï ·à≤·àµ·â∞·àù ·ä†·à≠·åé ·ä•·ã®·ãò·à®·çâ·äï ·äê·ãç ·â•·à≠ ·ãà·ã∞ ·ä†·çñ·àé ·åà·â£ ·àõ·àà·âµ ·àõ·ãç·å£·â± ·àò·ä®·à®,,,,
Abyssinia Bank,com.boa.boaMobileBanking,0d8b10f7-5a02-448f-a08f-330c6db9a5a5,Hiwot Fisseha,https://play-lh.googleusercontent.com/a/ACg8ocKktmB7fMbkihkXeSb0OqPjPiMzBaRt0CeXPZAc9DjaVaq2Aw=mo,1,,2024-04-24 18:39:50,,,,4,"In our country technological situation, Probably better than other bank's app.",,,,
Abyssinia Bank,com.boa.boaMobileBanking,2fda245d-9ad3-4e66-9290-8a8a60c635c6,Bedru Nuri,https://play-lh.googleusercontent.com/a-/ALV-UjXR3bEDll4aKAQYjFTAZtm7HgJNwa0hE7UNAaxRzsJ3Mny44PePZw,1,24.03.04,2024-04-24 18:13:50,,,24.03.04,5,Nice app,,,,
Abyssinia Bank,com.boa.boaMobileBanking,4f4dc655-5fb8-4d48-9cd0-6134946ca6eb,Degole Chacha,https://play-lh.googleusercontent.com/a-/ALV-UjV4Fe1mZeEoo7-O6Ig3Ks5o27NE9wKcKigrVpooHr78mrocmfGP,1,24.03.04,2024-04-24 17:30:57,,,24.03.04,5,‚ù§,,,,
Abyssinia Bank,com.boa.boaMobileBanking,1ee008c8-8bad-4746-8dc5-3fa7827ae345,Amare,https://play-lh.googleusercontent.com/a/ACg8ocIpLpvPr2a6Nk0OelW8nTWkO-kzNuVEDD8pRI4qC72Idd2a2Q=mo,1,24.04.23,2024-04-24 17:21:51,,,24.04.23,5,I revewd this app,,,,
Abyssinia Bank,com.boa.boaMobileBanking,a165692c-8f97-4a9a-a2e0-6f0b8d1fa79d,·âÉ·àà·ä†·â• ·ä†·àà·àô,https://play-lh.googleusercontent.com/a-/ALV-UjWNreMexFwEp7gKyIPOQ56LploDH6hE3L-RwraT1OHASwh3K8xs,12,24.04.23,2024-04-24 15:35:35,,,24.04.23,4,"Easy platform, Cheap service fee and interest rate with self onboarding financial service.",,,,
Abyssinia Bank,com.boa.boaMobileBanking,ab64048a-29a9-4150-a3b6-1d9f91410735,samuel biyazn,https://play-lh.googleusercontent.com/a/ACg8ocKRoII18TlPm9Y09OK9frWT1PoOypfV1woC8L8Rt3kNQabPCQ=mo,0,,2024-04-24 15:23:36,,,,1,-5 ‚≠ê,,,,
Abyssinia Bank,com.boa.boaMobileBanking,4c4e09c5-baab-452d-bcd5-3a8f096795b0,Ephrem (Ephi Google Map),https://play-lh.googleusercontent.com/a-/ALV-UjXTwuig_WOPF_1sIK_WfCzQCPioNojgZ3oSF36JvnkdwU8ZVHt0,0,,2024-04-24 15:17:09,,,,4,üëç good,,,,
Abyssinia Bank,com.boa.boaMobileBanking,8da6bb0c-cb5a-4b0a-aca1-325a71c7a7d1,Tedros tsegay,https://play-lh.googleusercontent.com/a/ACg8ocLNtY2QWk7OIrfRlsUOAN0QPeKqCKh7GqGDPFPPNrULOhLQDA=mo,1,24.03.04,2024-04-24 15:03:17,,,24.03.04,5,It's modern technology of users bank of abesinia,,,,
Abyssinia Bank,com.boa.boaMobileBanking,2dcc35c2-e466-4bfe-bd17-a65f32c2970e,Orase oshora Olle,https://play-lh.googleusercontent.com/a-/ALV-UjWWk0WDnv8GUwTNOjlrdAMZ_oehh6PHoqPSDqegDpif3h25-4E,1,24.04.23,2024-04-24 11:30:07,,,24.04.23,5,whay,,,,
Abyssinia Bank,com.boa.boaMobileBanking,0735ad58-4edd-4dc3-b748-3209f36498fa,Yibrah yikalo,https://play-lh.googleusercontent.com/a/ACg8ocJN5A1yvSKeDgIM0zR5TAN1UPZlnwNZztH5ZNqpsv5DqPPqAQ=mo,1,,2024-04-24 08:02:15,,,,5,lets see it and rate you letter,,,,
Abyssinia Bank,com.boa.boaMobileBanking,71c45a1b-1423-48c2-ae76-431b4390b8cf,Mame Man,https://play-lh.googleusercontent.com/a/ACg8ocKPH04N7tPuEV_lVQ9-E_dsgDE-7CoeD0fMNuGb3kmp5supvg=mo,0,23.10.24,2024-04-24 02:49:12,,,23.10.24,1,·ä†·â•·â≥·àô ·ä®·ãµ·à¨,,,,
Abyssinia Bank,com.boa.boaMobileBanking,d4fef4bd-28d4-45f5-885b-259d7d4378ed,Gemechis Ejeta H.,https://play-lh.googleusercontent.com/a/ACg8ocJlV4b3OqqTqusOwJd_2M6yUXfaTl-uT7tmyS_5wSUcIljqN2c=mo,116,24.03.04,2024-04-23 22:37:47,,,24.03.04,1,"Apollo App Developers, I'm writing to express my disappointment with the underperformance of the Apollo app. The app freezing repeatedly has prevented me from completing urgent personal and business transactions, leading others to question my loyalty and reliability. Additionally, the microloan feature denied my requests without valid reasons. I kindly request that you prioritize resolving these issues professionally. Hope to see a few improvements in the app's performance soon, as solutions.",,,,
Abyssinia Bank,com.boa.boaMobileBanking,72940b09-4cd7-43b2-a740-012361b770bc,Aklil Music,https://play-lh.googleusercontent.com/a-/ALV-UjUA7N5IXZ2W__0F-gWCP9IuEFGMciNQFZDOGIUxSUDC5qVK1gnG,0,,2024-04-23 20:00:10,,,,1,Otp maximum reached ylal bank to bank silk yhen emtanebu sewoch maryamn ke accounte lay genzeb hulu teserkobgn be mekera dewyelachew nw yemelesut ke kirnchaf salawota awtitew slezi leboch slehonu atitekemu. Ye system chgr rasu betam nw yalebachew,,,,
Abyssinia Bank,com.boa.boaMobileBanking,4049ee0c-beb4-4899-a945-9aa89e7d86f4,Alemayehu Gella,https://play-lh.googleusercontent.com/a/ACg8ocIghdn7Vh-7XjlLCX59df5qhKzfjN82maL35pf5ugV7LO5Trw=mo,4,24.03.04,2024-04-23 17:49:32,,,24.03.04,1,"it's very slow app i have ever seen, it doesn't work mostly ....don't download it.",,,,
Abyssinia Bank,com.boa.boaMobileBanking,3af94ce3-22c7-4501-9be2-7ef9e2e40dd8,Yonatan Ayalew,https://play-lh.googleusercontent.com/a/ACg8ocL5hiNvlEIRtMS9X7nHAwLrySxNimRLi1CDn1y0adNszWRBvw=mo,15,23.07.08,2024-04-23 13:23:47,,,23.07.08,3,"I do enjoy the services, Often though it's shows various errors when trying to log in.",,,,
Abyssinia Bank,com.boa.boaMobileBanking,d2310daf-145e-4b6f-be04-050259f0d93a,Samuel Belayneh Debele,https://play-lh.googleusercontent.com/a-/ALV-UjX9XdwvZGuN7YFIhvBl1cvXya909FlqpWLJNMyyyFqodVErHsLf,1,24.03.04,2024-04-23 12:48:09,,,24.03.04,5,üëçüëçüëçwow abisseniya bank thank you somuch,,,,
Abyssinia Bank,com.boa.boaMobileBanking,a3379c0e-4471-48a9-afa1-cf4928d21f91,Robel Tigistshita,https://play-lh.googleusercontent.com/a-/ALV-UjVd7Y-CcATr-ICcy_djhklU_8Rke3JwWsuYdsGVTtWzD8zBuabR,1,,2024-04-23 10:22:10,,,,1,Absolutely terrible experience! The app didn't work properly and I couldn't even finish creating an account.,,,,
