bank,appId,date,downloads
Abyssinia Bank,com.boa.boaMobileBanking,2024-05-24,"100,000+"
Abyssinia Bank,com.boa.boaMobileBanking,2024-05-24,"100,000+"
Abyssinia Bank,com.boa.boaMobileBanking,2024-05-24,"100,000+"
Abyssinia Bank,com.boa.boaMobileBanking,2024-05-24,"100,000+"
Abyssinia Bank,com.boa.boaMobileBanking,2024-05-24,"100,000+"
Abyssinia Bank,com.boa.boaMobileBanking,2024-05-24,"100,000+"
Abyssinia Bank,com.boa.boaMobileBanking,2024-05-24,"100,000+"
Abyssinia Bank,com.boa.boaMobileBanking,2024-05-24,"100,000+"
Commercial Bank of Ethiopia,com.combanketh.mobilebanking,2024-05-24,"1,000,000+"
Commercial Bank of Ethiopia,com.combanketh.mobilebanking,2024-05-24,"1,000,000+"
Commercial Bank of Ethiopia,com.combanketh.mobilebanking,2024-05-24,"1,000,000+"
Commercial Bank of Ethiopia,com.combanketh.mobilebanking,2024-05-24,"1,000,000+"
Commercial Bank of Ethiopia,com.combanketh.mobilebanking,2024-05-24,"1,000,000+"
Commercial Bank of Ethiopia,com.combanketh.mobilebanking,2024-05-24,"1,000,000+"
Commercial Bank of Ethiopia,com.combanketh.mobilebanking,2024-05-24,"1,000,000+"
Commercial Bank of Ethiopia,com.combanketh.mobilebanking,2024-05-24,"1,000,000+"
